id;infinitive;time;mood;person;quantity;conjugation
1;parlar;present;indicatiu;1;singular;parlo
2;parlar;present;indicatiu;2;singular;parles
3;parlar;present;indicatiu;3;singular;parla
4;parlar;present;indicatiu;1;plural;parlem
5;parlar;present;indicatiu;2;plural;parleu
6;parlar;present;indicatiu;3;plural;parlen
7;parlar;present;subjuntiu;1;singular;parli
8;parlar;present;subjuntiu;2;singular;parlis
9;parlar;present;subjuntiu;3;singular;parli
10;parlar;present;subjuntiu;1;plural;parlem
11;parlar;present;subjuntiu;2;plural;parleu
12;parlar;present;subjuntiu;3;plural;parlin
13;parlar;present;imperatiu;2;singular;parla
14;parlar;present;imperatiu;2;plural;parleu
15;parlar;imperfet;indicatiu;1;singular;parlava
16;parlar;imperfet;indicatiu;2;singular;parlaves
17;parlar;imperfet;indicatiu;3;singular;parlava
18;parlar;imperfet;indicatiu;1;plural;parlàvem
19;parlar;imperfet;indicatiu;2;plural;parlàveu
20;parlar;imperfet;indicatiu;3;plural;parlaven
21;parlar;imperfet;subjuntiu;1;singular;parlés
22;parlar;imperfet;subjuntiu;2;singular;parlessis
23;parlar;imperfet;subjuntiu;3;singular;parlés
24;parlar;imperfet;subjuntiu;1;plural;parléssim
25;parlar;imperfet;subjuntiu;2;plural;parléssiu
26;parlar;imperfet;subjuntiu;3;plural;parlessin
27;parlar;futur;indicatiu;1;singular;parlaré
28;parlar;futur;indicatiu;2;singular;parlaràs
29;parlar;futur;indicatiu;3;singular;parlarà
30;parlar;futur;indicatiu;1;plural;parlarem
31;parlar;futur;indicatiu;2;plural;parlareu
32;parlar;futur;indicatiu;3;plural;parlaran
33;parlar;condicional;indicatiu;1;singular;parlaria
34;parlar;condicional;indicatiu;2;singular;parlaries
35;parlar;condicional;indicatiu;3;singular;parlaria
36;parlar;condicional;indicatiu;1;plural;parlaríem
37;parlar;condicional;indicatiu;2;plural;parlaríeu
38;parlar;condicional;indicatiu;3;plural;parlarien
39;parlar;participi;;;;parlat
40;parlar;gerundi;;;;parlant
41;anar;present;indicatiu;1;singular;vaig
42;anar;present;indicatiu;2;singular;vas
43;anar;present;indicatiu;3;singular;va
44;anar;present;indicatiu;1;plural;anem
45;anar;present;indicatiu;2;plural;aneu
46;anar;present;indicatiu;3;plural;van
47;anar;present;subjuntiu;1;singular;vagi
48;anar;present;subjuntiu;2;singular;vagis
49;anar;present;subjuntiu;3;singular;vagi
50;anar;present;subjuntiu;1;plural;anem
51;anar;present;subjuntiu;2;plural;aneu
52;anar;present;subjuntiu;3;plural;vagin
53;anar;present;imperatiu;2;singular;ves
54;anar;present;imperatiu;2;plural;aneu
55;anar;imperfet;indicatiu;1;singular;anava
56;anar;imperfet;indicatiu;2;singular;anaves
57;anar;imperfet;indicatiu;3;singular;anava
58;anar;imperfet;indicatiu;1;plural;anàvem
59;anar;imperfet;indicatiu;2;plural;anàveu
60;anar;imperfet;indicatiu;3;plural;anaven
61;anar;imperfet;subjuntiu;1;singular;anés
62;anar;imperfet;subjuntiu;2;singular;anessis
63;anar;imperfet;subjuntiu;3;singular;anés
64;anar;imperfet;subjuntiu;1;plural;anéssim
65;anar;imperfet;subjuntiu;2;plural;anéssiu
66;anar;imperfet;subjuntiu;3;plural;anessin
67;anar;futur;indicatiu;1;singular;aniré
68;anar;futur;indicatiu;2;singular;aniràs
69;anar;futur;indicatiu;3;singular;anirà
70;anar;futur;indicatiu;1;plural;anirem
71;anar;futur;indicatiu;2;plural;anireu
72;anar;futur;indicatiu;3;plural;aniran
73;anar;condicional;indicatiu;1;singular;aniria
74;anar;condicional;indicatiu;2;singular;aniries
75;anar;condicional;indicatiu;3;singular;aniria
76;anar;condicional;indicatiu;1;plural;aniríem
77;anar;condicional;indicatiu;2;plural;aniríeu
78;anar;condicional;indicatiu;3;plural;anirien
79;anar;participi;;;;anat
80;anar;gerundi;;;;anant
81;haver;present;indicatiu;1;singular;he
82;haver;present;indicatiu;2;singular;has
83;haver;present;indicatiu;3;singular;ha
84;haver;present;indicatiu;1;plural;hem
85;haver;present;indicatiu;2;plural;heu
86;haver;present;indicatiu;3;plural;han
87;haver;present;subjuntiu;1;singular;hagi
88;haver;present;subjuntiu;2;singular;hagis
89;haver;present;subjuntiu;3;singular;hagi
90;haver;present;subjuntiu;1;plural;haguem
91;haver;present;subjuntiu;2;plural;hagueu
92;haver;present;subjuntiu;3;plural;hagin
93;haver;present;imperatiu;2;singular;does not exist
94;haver;present;imperatiu;2;plural;does not exist
95;haver;imperfet;indicatiu;1;singular;havia
96;haver;imperfet;indicatiu;2;singular;havies
97;haver;imperfet;indicatiu;3;singular;havia
98;haver;imperfet;indicatiu;1;plural;havíem
99;haver;imperfet;indicatiu;2;plural;havíeu
100;haver;imperfet;indicatiu;3;plural;havien
101;haver;imperfet;subjuntiu;1;singular;hagués
102;haver;imperfet;subjuntiu;2;singular;haguessis
103;haver;imperfet;subjuntiu;3;singular;hagués
104;haver;imperfet;subjuntiu;1;plural;haguéssim
105;haver;imperfet;subjuntiu;2;plural;haguéssiu
106;haver;imperfet;subjuntiu;3;plural;haguessin
107;haver;futur;indicatiu;1;singular;hauré
108;haver;futur;indicatiu;2;singular;hauràs
109;haver;futur;indicatiu;3;singular;haurà
110;haver;futur;indicatiu;1;plural;haurem
111;haver;futur;indicatiu;2;plural;haureu
112;haver;futur;indicatiu;3;plural;hauran
113;haver;condicional;indicatiu;1;singular;haurias
114;haver;condicional;indicatiu;2;singular;hauries
115;haver;condicional;indicatiu;3;singular;hauria
116;haver;condicional;indicatiu;1;plural;hauríem
117;haver;condicional;indicatiu;2;plural;hauríeu
118;haver;condicional;indicatiu;3;plural;haurien
119;haver;participi;;;;hagut
120;haver;gerundi;;;;havent
121;ser;present;indicatiu;1;singular;soc
122;ser;present;indicatiu;2;singular;ets
123;ser;present;indicatiu;3;singular;és
124;ser;present;indicatiu;1;plural;som
125;ser;present;indicatiu;2;plural;sou
126;ser;present;indicatiu;3;plural;són
127;ser;present;subjuntiu;1;singular;sigui
128;ser;present;subjuntiu;2;singular;siguis
129;ser;present;subjuntiu;3;singular;sigui
130;ser;present;subjuntiu;1;plural;siguem
131;ser;present;subjuntiu;2;plural;sigueu
132;ser;present;subjuntiu;3;plural;siguin
133;ser;present;imperatiu;2;singular;sigues
134;ser;present;imperatiu;2;plural;sigueu
135;ser;imperfet;indicatiu;1;singular;era
136;ser;imperfet;indicatiu;2;singular;eres
137;ser;imperfet;indicatiu;3;singular;era
138;ser;imperfet;indicatiu;1;plural;érem
139;ser;imperfet;indicatiu;2;plural;éreu
140;ser;imperfet;indicatiu;3;plural;eren
141;ser;imperfet;subjuntiu;1;singular;fos
142;ser;imperfet;subjuntiu;2;singular;fossis
143;ser;imperfet;subjuntiu;3;singular;fos
144;ser;imperfet;subjuntiu;1;plural;fóssim
145;ser;imperfet;subjuntiu;2;plural;fóssiu
146;ser;imperfet;subjuntiu;3;plural;fossin
147;ser;futur;indicatiu;1;singular;seré
148;ser;futur;indicatiu;2;singular;seràs
149;ser;futur;indicatiu;3;singular;serà
150;ser;futur;indicatiu;1;plural;serem
151;ser;futur;indicatiu;2;plural;sereu
152;ser;futur;indicatiu;3;plural;seran
153;ser;condicional;indicatiu;1;singular;seria
154;ser;condicional;indicatiu;2;singular;series
155;ser;condicional;indicatiu;3;singular;seria
156;ser;condicional;indicatiu;1;plural;seríem
157;ser;condicional;indicatiu;2;plural;seríeu
158;ser;condicional;indicatiu;3;plural;serien
159;ser;participi;;;;estat
160;ser;gerundi;;;;sent
161;estar;present;indicatiu;1;singular;estic
162;estar;present;indicatiu;2;singular;estàs
163;estar;present;indicatiu;3;singular;està
164;estar;present;indicatiu;1;plural;estem
165;estar;present;indicatiu;2;plural;esteu
166;estar;present;indicatiu;3;plural;estan
167;estar;present;subjuntiu;1;singular;estigui
168;estar;present;subjuntiu;2;singular;estiguis
169;estar;present;subjuntiu;3;singular;estigui
170;estar;present;subjuntiu;1;plural;estiguem
171;estar;present;subjuntiu;2;plural;estigueu
172;estar;present;subjuntiu;3;plural;estiguin
173;estar;present;imperatiu;2;singular;estigues
174;estar;present;imperatiu;2;plural;estigueu
175;estar;imperfet;indicatiu;1;singular;estigui
176;estar;imperfet;indicatiu;2;singular;estiguis
177;estar;imperfet;indicatiu;3;singular;estigui
178;estar;imperfet;indicatiu;1;plural;estiguem
179;estar;imperfet;indicatiu;2;plural;estigueu
180;estar;imperfet;indicatiu;3;plural;estiguin
181;estar;imperfet;subjuntiu;1;singular;estigués
182;estar;imperfet;subjuntiu;2;singular;estiguessis
183;estar;imperfet;subjuntiu;3;singular;estigués
184;estar;imperfet;subjuntiu;1;plural;estiguéssim
185;estar;imperfet;subjuntiu;2;plural;estiguéssiu
186;estar;imperfet;subjuntiu;3;plural;estiguessin
187;estar;futur;indicatiu;1;singular;estaré
188;estar;futur;indicatiu;2;singular;estaràs
189;estar;futur;indicatiu;3;singular;estarà
190;estar;futur;indicatiu;1;plural;estarem
191;estar;futur;indicatiu;2;plural;estareu
192;estar;futur;indicatiu;3;plural;estaran
193;estar;condicional;indicatiu;1;singular;estaria
194;estar;condicional;indicatiu;2;singular;estaries
195;estar;condicional;indicatiu;3;singular;estaria
196;estar;condicional;indicatiu;1;plural;estaríem
197;estar;condicional;indicatiu;2;plural;estaríeu
198;estar;condicional;indicatiu;3;plural;estarien
199;estar;participi;;;;estat
200;estar;gerundi;;;;estant
201;venir;present;indicatiu;1;singular;vinc
202;venir;present;indicatiu;2;singular;vens
203;venir;present;indicatiu;3;singular;ve
204;venir;present;indicatiu;1;plural;venim
205;venir;present;indicatiu;2;plural;veniu
206;venir;present;indicatiu;3;plural;venen
207;venir;present;subjuntiu;1;singular;vingui
208;venir;present;subjuntiu;2;singular;vinguis
209;venir;present;subjuntiu;3;singular;vingui
210;venir;present;subjuntiu;1;plural;vinguem
211;venir;present;subjuntiu;2;plural;vingueu
212;venir;present;subjuntiu;3;plural;vinguin
213;venir;present;imperatiu;2;singular;vine
214;venir;present;imperatiu;2;plural;veniu
215;venir;imperfet;indicatiu;1;singular;venia
216;venir;imperfet;indicatiu;2;singular;venies
217;venir;imperfet;indicatiu;3;singular;venia
218;venir;imperfet;indicatiu;1;plural;veníem
219;venir;imperfet;indicatiu;2;plural;veníeu
220;venir;imperfet;indicatiu;3;plural;venien
221;venir;imperfet;subjuntiu;1;singular;vingués
222;venir;imperfet;subjuntiu;2;singular;vinguessis
223;venir;imperfet;subjuntiu;3;singular;vingués
224;venir;imperfet;subjuntiu;1;plural;vinguéssim
225;venir;imperfet;subjuntiu;2;plural;vinguéssiu
226;venir;imperfet;subjuntiu;3;plural;vinguessin
227;venir;futur;indicatiu;1;singular;vindré
228;venir;futur;indicatiu;2;singular;vindràs
229;venir;futur;indicatiu;3;singular;vindrà
230;venir;futur;indicatiu;1;plural;vindrem
231;venir;futur;indicatiu;2;plural;vindreu
232;venir;futur;indicatiu;3;plural;vindran
233;venir;condicional;indicatiu;1;singular;vindria
234;venir;condicional;indicatiu;2;singular;vindries
235;venir;condicional;indicatiu;3;singular;vindria
236;venir;condicional;indicatiu;1;plural;vindríem
237;venir;condicional;indicatiu;2;plural;vindríeu
238;venir;condicional;indicatiu;3;plural;vindrien
239;venir;participi;;;;vingut
240;venir;gerundi;;;;venint
241;fer;present;indicatiu;1;singular;faig
242;fer;present;indicatiu;2;singular;fas
243;fer;present;indicatiu;3;singular;fa
244;fer;present;indicatiu;1;plural;fem
245;fer;present;indicatiu;2;plural;feu
246;fer;present;indicatiu;3;plural;fan
247;fer;present;subjuntiu;1;singular;faci
248;fer;present;subjuntiu;2;singular;facis
249;fer;present;subjuntiu;3;singular;facis
250;fer;present;subjuntiu;1;plural;fem
251;fer;present;subjuntiu;2;plural;feu
252;fer;present;subjuntiu;3;plural;facin
253;fer;present;imperatiu;2;singular;fes
254;fer;present;imperatiu;2;plural;feu
255;fer;imperfet;indicatiu;1;singular;feia
256;fer;imperfet;indicatiu;2;singular;feies
257;fer;imperfet;indicatiu;3;singular;feia
258;fer;imperfet;indicatiu;1;plural;fèiem
259;fer;imperfet;indicatiu;2;plural;fèieu
260;fer;imperfet;indicatiu;3;plural;feien
261;fer;imperfet;subjuntiu;1;singular;fes
262;fer;imperfet;subjuntiu;2;singular;fessis
263;fer;imperfet;subjuntiu;3;singular;fes
264;fer;imperfet;subjuntiu;1;plural;féssim
265;fer;imperfet;subjuntiu;2;plural;féssiu
266;fer;imperfet;subjuntiu;3;plural;fessin
267;fer;futur;indicatiu;1;singular;faré
268;fer;futur;indicatiu;2;singular;faràs
269;fer;futur;indicatiu;3;singular;farà
270;fer;futur;indicatiu;1;plural;farem
271;fer;futur;indicatiu;2;plural;fareu
272;fer;futur;indicatiu;3;plural;faran
273;fer;condicional;indicatiu;1;singular;faria
274;fer;condicional;indicatiu;2;singular;faries
275;fer;condicional;indicatiu;3;singular;faria
276;fer;condicional;indicatiu;1;plural;faríem
277;fer;condicional;indicatiu;2;plural;faríeu
278;fer;condicional;indicatiu;3;plural;farien
279;fer;participi;;;;fet
280;fer;gerundi;;;;fent
281;dir;present;indicatiu;1;singular;dic
282;dir;present;indicatiu;2;singular;dius
283;dir;present;indicatiu;3;singular;diu
284;dir;present;indicatiu;1;plural;diem
285;dir;present;indicatiu;2;plural;dieu
286;dir;present;indicatiu;3;plural;diuen
287;dir;present;subjuntiu;1;singular;digui
288;dir;present;subjuntiu;2;singular;diguis
289;dir;present;subjuntiu;3;singular;digui
290;dir;present;subjuntiu;1;plural;diguem
291;dir;present;subjuntiu;2;plural;digueu
292;dir;present;subjuntiu;3;plural;diguin
293;dir;present;imperatiu;2;singular;digues
294;dir;present;imperatiu;2;plural;digueu
295;dir;imperfet;indicatiu;1;singular;deia
296;dir;imperfet;indicatiu;2;singular;deies
297;dir;imperfet;indicatiu;3;singular;deia
298;dir;imperfet;indicatiu;1;plural;dèiem
299;dir;imperfet;indicatiu;2;plural;dèieu
300;dir;imperfet;indicatiu;3;plural;deien
301;dir;imperfet;subjuntiu;1;singular;digués
302;dir;imperfet;subjuntiu;2;singular;diguessis
303;dir;imperfet;subjuntiu;3;singular;digués
304;dir;imperfet;subjuntiu;1;plural;diguéssim
305;dir;imperfet;subjuntiu;2;plural;diguéssiu
306;dir;imperfet;subjuntiu;3;plural;diguessin
307;dir;futur;indicatiu;1;singular;diré
308;dir;futur;indicatiu;2;singular;diràs
309;dir;futur;indicatiu;3;singular;dirà
310;dir;futur;indicatiu;1;plural;direm
311;dir;futur;indicatiu;2;plural;direu
312;dir;futur;indicatiu;3;plural;diran
313;dir;condicional;indicatiu;1;singular;diria
314;dir;condicional;indicatiu;2;singular;diries
315;dir;condicional;indicatiu;3;singular;diria
316;dir;condicional;indicatiu;1;plural;diríem
317;dir;condicional;indicatiu;2;plural;diríeu
318;dir;condicional;indicatiu;3;plural;dirien
319;dir;participi;;;;dit
320;dir;gerundi;;;;dient
321;poder;present;indicatiu;1;singular;puc
322;poder;present;indicatiu;2;singular;pots
323;poder;present;indicatiu;3;singular;pot
324;poder;present;indicatiu;1;plural;podem
325;poder;present;indicatiu;2;plural;podeu
326;poder;present;indicatiu;3;plural;poen
327;poder;present;subjuntiu;1;singular;pugui
328;poder;present;subjuntiu;2;singular;puguis
329;poder;present;subjuntiu;3;singular;pugui
330;poder;present;subjuntiu;1;plural;puguem
331;poder;present;subjuntiu;2;plural;pugueu
332;poder;present;subjuntiu;3;plural;puguin
333;poder;present;imperatiu;2;singular;pugues
334;poder;present;imperatiu;2;plural;pugueu
335;poder;imperfet;indicatiu;1;singular;podia
336;poder;imperfet;indicatiu;2;singular;podies
337;poder;imperfet;indicatiu;3;singular;podia
338;poder;imperfet;indicatiu;1;plural;podíem
339;poder;imperfet;indicatiu;2;plural;podíeu
340;poder;imperfet;indicatiu;3;plural;podien
341;poder;imperfet;subjuntiu;1;singular;pogués
342;poder;imperfet;subjuntiu;2;singular;poguessis
343;poder;imperfet;subjuntiu;3;singular;pogués
344;poder;imperfet;subjuntiu;1;plural;poguéssim
345;poder;imperfet;subjuntiu;2;plural;poguéssiu
346;poder;imperfet;subjuntiu;3;plural;poguessin
347;poder;futur;indicatiu;1;singular;podré
348;poder;futur;indicatiu;2;singular;podràs
349;poder;futur;indicatiu;3;singular;podrà
350;poder;futur;indicatiu;1;plural;podrem
351;poder;futur;indicatiu;2;plural;podreu
352;poder;futur;indicatiu;3;plural;podran
353;poder;condicional;indicatiu;1;singular;podria
354;poder;condicional;indicatiu;2;singular;podries
355;poder;condicional;indicatiu;3;singular;podria
356;poder;condicional;indicatiu;1;plural;podríem
357;poder;condicional;indicatiu;2;plural;podríeu
358;poder;condicional;indicatiu;3;plural;podrien
359;poder;participi;;;;pogut
360;poder;gerundi;;;;podent
361;saber;present;indicatiu;1;singular;sé
362;saber;present;indicatiu;2;singular;saps
363;saber;present;indicatiu;3;singular;sap
364;saber;present;indicatiu;1;plural;sabem
365;saber;present;indicatiu;2;plural;sabeu
366;saber;present;indicatiu;3;plural;saben
367;saber;present;subjuntiu;1;singular;sàpiga
368;saber;present;subjuntiu;2;singular;sàpigues
369;saber;present;subjuntiu;3;singular;sàpiga
370;saber;present;subjuntiu;1;plural;sapiguem
371;saber;present;subjuntiu;2;plural;sapigueu
372;saber;present;subjuntiu;3;plural;sàpiguen
373;saber;present;imperatiu;2;singular;sàpiga
374;saber;present;imperatiu;2;plural;sapigueu
375;saber;imperfet;indicatiu;1;singular;sabia
376;saber;imperfet;indicatiu;2;singular;sabies
377;saber;imperfet;indicatiu;3;singular;sabia
378;saber;imperfet;indicatiu;1;plural;sabíem
379;saber;imperfet;indicatiu;2;plural;sabíeu
380;saber;imperfet;indicatiu;3;plural;sabien
381;saber;imperfet;subjuntiu;1;singular;sabés
382;saber;imperfet;subjuntiu;2;singular;sabessis
383;saber;imperfet;subjuntiu;3;singular;sabés
384;saber;imperfet;subjuntiu;1;plural;sabéssim
385;saber;imperfet;subjuntiu;2;plural;sabéssiu
386;saber;imperfet;subjuntiu;3;plural;sabessin
387;saber;futur;indicatiu;1;singular;sabré
388;saber;futur;indicatiu;2;singular;sabràs
389;saber;futur;indicatiu;3;singular;sabrà
390;saber;futur;indicatiu;1;plural;sabrem
391;saber;futur;indicatiu;2;plural;sabreu
392;saber;futur;indicatiu;3;plural;sabran
393;saber;condicional;indicatiu;1;singular;sabria
394;saber;condicional;indicatiu;2;singular;sabries
395;saber;condicional;indicatiu;3;singular;sabria
396;saber;condicional;indicatiu;1;plural;sabríem
397;saber;condicional;indicatiu;2;plural;sabríeu
398;saber;condicional;indicatiu;3;plural;sabrien
399;saber;participi;;;;sabut
400;saber;gerundi;;;;sabent
401;veure;present;indicatiu;1;singular;veig
402;veure;present;indicatiu;2;singular;veus
403;veure;present;indicatiu;3;singular;veu
404;veure;present;indicatiu;1;plural;veiem
405;veure;present;indicatiu;2;plural;veieu
406;veure;present;indicatiu;3;plural;veuen
407;veure;present;subjuntiu;1;singular;vegi
408;veure;present;subjuntiu;2;singular;vegis
409;veure;present;subjuntiu;3;singular;vegi
410;veure;present;subjuntiu;1;plural;vegem
411;veure;present;subjuntiu;2;plural;vegeu
412;veure;present;subjuntiu;3;plural;vegin
413;veure;present;imperatiu;2;singular;ves
414;veure;present;imperatiu;2;plural;veieu
415;veure;imperfet;indicatiu;1;singular;veia
416;veure;imperfet;indicatiu;2;singular;veies
417;veure;imperfet;indicatiu;3;singular;veia
418;veure;imperfet;indicatiu;1;plural;vèiem
419;veure;imperfet;indicatiu;2;plural;vèieu
420;veure;imperfet;indicatiu;3;plural;veien
421;veure;imperfet;subjuntiu;1;singular;veiés
422;veure;imperfet;subjuntiu;2;singular;veiessis
423;veure;imperfet;subjuntiu;3;singular;veiés
424;veure;imperfet;subjuntiu;1;plural;veiéssim
425;veure;imperfet;subjuntiu;2;plural;veiéssiu
426;veure;imperfet;subjuntiu;3;plural;veiessin
427;veure;futur;indicatiu;1;singular;veuré
428;veure;futur;indicatiu;2;singular;veuràs
429;veure;futur;indicatiu;3;singular;veurà
430;veure;futur;indicatiu;1;plural;veurem
431;veure;futur;indicatiu;2;plural;veureu
432;veure;futur;indicatiu;3;plural;veuran
433;veure;condicional;indicatiu;1;singular;veuria
434;veure;condicional;indicatiu;2;singular;veuries
435;veure;condicional;indicatiu;3;singular;veuria
436;veure;condicional;indicatiu;1;plural;veuríem
437;veure;condicional;indicatiu;2;plural;veuríeu
438;veure;condicional;indicatiu;3;plural;veurien
439;veure;participi;;;;vist
440;veure;gerundi;;;;veient
441;viure;present;indicatiu;1;singular;visc
442;viure;present;indicatiu;2;singular;vius
443;viure;present;indicatiu;3;singular;viu
444;viure;present;indicatiu;1;plural;vivim
445;viure;present;indicatiu;2;plural;viviu
446;viure;present;indicatiu;3;plural;viuen
447;viure;present;subjuntiu;1;singular;visqui
448;viure;present;subjuntiu;2;singular;viquis
449;viure;present;subjuntiu;3;singular;visqui
450;viure;present;subjuntiu;1;plural;visquem
451;viure;present;subjuntiu;2;plural;visqueu
452;viure;present;subjuntiu;3;plural;visquin
453;viure;present;imperatiu;2;singular;viu
454;viure;present;imperatiu;2;plural;viviu
455;viure;imperfet;indicatiu;1;singular;vivia
456;viure;imperfet;indicatiu;2;singular;vivies
457;viure;imperfet;indicatiu;3;singular;vivia
458;viure;imperfet;indicatiu;1;plural;vivíem
459;viure;imperfet;indicatiu;2;plural;vivíeu
460;viure;imperfet;indicatiu;3;plural;vivien
461;viure;imperfet;subjuntiu;1;singular;visqués
462;viure;imperfet;subjuntiu;2;singular;visquessis
463;viure;imperfet;subjuntiu;3;singular;visqués
464;viure;imperfet;subjuntiu;1;plural;visquéssim
465;viure;imperfet;subjuntiu;2;plural;visquéssiu
466;viure;imperfet;subjuntiu;3;plural;visquessin
467;viure;futur;indicatiu;1;singular;viuré
468;viure;futur;indicatiu;2;singular;viuràs
469;viure;futur;indicatiu;3;singular;viurà
470;viure;futur;indicatiu;1;plural;viurem
471;viure;futur;indicatiu;2;plural;viureu
472;viure;futur;indicatiu;3;plural;viuran
473;viure;condicional;indicatiu;1;singular;viuria
474;viure;condicional;indicatiu;2;singular;viuries
475;viure;condicional;indicatiu;3;singular;viuria
476;viure;condicional;indicatiu;1;plural;viuríem
477;viure;condicional;indicatiu;2;plural;viuríeu
478;viure;condicional;indicatiu;3;plural;viurien
479;viure;participi;;;;viscut
480;viure;gerundi;;;;vivint
481;voler;present;indicatiu;1;singular;vull
482;voler;present;indicatiu;2;singular;vols
483;voler;present;indicatiu;3;singular;vol
484;voler;present;indicatiu;1;plural;volem
485;voler;present;indicatiu;2;plural;voleu
486;voler;present;indicatiu;3;plural;volen
487;voler;present;subjuntiu;1;singular;vulgui
488;voler;present;subjuntiu;2;singular;vulguis
489;voler;present;subjuntiu;3;singular;vulgui
490;voler;present;subjuntiu;1;plural;vulguem
491;voler;present;subjuntiu;2;plural;vulgueu
492;voler;present;subjuntiu;3;plural;vulguin
493;voler;present;imperatiu;2;singular;vulgues
494;voler;present;imperatiu;2;plural;vulgueu
495;voler;imperfet;indicatiu;1;singular;volia
496;voler;imperfet;indicatiu;2;singular;volies
497;voler;imperfet;indicatiu;3;singular;volia
498;voler;imperfet;indicatiu;1;plural;volíem
499;voler;imperfet;indicatiu;2;plural;volíeu
500;voler;imperfet;indicatiu;3;plural;volien
501;voler;imperfet;subjuntiu;1;singular;volgués
502;voler;imperfet;subjuntiu;2;singular;volguessis
503;voler;imperfet;subjuntiu;3;singular;volgués
504;voler;imperfet;subjuntiu;1;plural;volguéssim
505;voler;imperfet;subjuntiu;2;plural;volguéssiu
506;voler;imperfet;subjuntiu;3;plural;volguessin
507;voler;futur;indicatiu;1;singular;voldré
508;voler;futur;indicatiu;2;singular;voldràs
509;voler;futur;indicatiu;3;singular;voldra
510;voler;futur;indicatiu;1;plural;voldrem
511;voler;futur;indicatiu;2;plural;voldreu
512;voler;futur;indicatiu;3;plural;voldran
513;voler;condicional;indicatiu;1;singular;voldria
514;voler;condicional;indicatiu;2;singular;voldries
515;voler;condicional;indicatiu;3;singular;voldria
516;voler;condicional;indicatiu;1;plural;voldríem
517;voler;condicional;indicatiu;2;plural;voldríeu
518;voler;condicional;indicatiu;3;plural;voldrien
519;voler;participi;;;;volgut
520;voler;gerundi;;;;volent
521;prendre;present;indicatiu;1;singular;prenc
522;prendre;present;indicatiu;2;singular;prens
523;prendre;present;indicatiu;3;singular;pren
524;prendre;present;indicatiu;1;plural;prenem
525;prendre;present;indicatiu;2;plural;preneu
526;prendre;present;indicatiu;3;plural;prenen
527;prendre;present;subjuntiu;1;singular;prengui
528;prendre;present;subjuntiu;2;singular;prenguis
529;prendre;present;subjuntiu;3;singular;prengui
530;prendre;present;subjuntiu;1;plural;prenguem
531;prendre;present;subjuntiu;2;plural;prengueu
532;prendre;present;subjuntiu;3;plural;prenguin
533;prendre;present;imperatiu;2;singular;pren
534;prendre;present;imperatiu;2;plural;preneu
535;prendre;imperfet;indicatiu;1;singular;prenia
536;prendre;imperfet;indicatiu;2;singular;prenies
537;prendre;imperfet;indicatiu;3;singular;prenia
538;prendre;imperfet;indicatiu;1;plural;preníem
539;prendre;imperfet;indicatiu;2;plural;preníeu
540;prendre;imperfet;indicatiu;3;plural;prenien
541;prendre;imperfet;subjuntiu;1;singular;prengués
542;prendre;imperfet;subjuntiu;2;singular;prenguessis
543;prendre;imperfet;subjuntiu;3;singular;prengués
544;prendre;imperfet;subjuntiu;1;plural;prenguéssim
545;prendre;imperfet;subjuntiu;2;plural;prenguéssiu
546;prendre;imperfet;subjuntiu;3;plural;prenguessin
547;prendre;futur;indicatiu;1;singular;prendré
548;prendre;futur;indicatiu;2;singular;prendràs
549;prendre;futur;indicatiu;3;singular;prendrà
550;prendre;futur;indicatiu;1;plural;prendrem
551;prendre;futur;indicatiu;2;plural;prendreu
552;prendre;futur;indicatiu;3;plural;prendran
553;prendre;condicional;indicatiu;1;singular;prendria
554;prendre;condicional;indicatiu;2;singular;prendries
555;prendre;condicional;indicatiu;3;singular;prendria
556;prendre;condicional;indicatiu;1;plural;prendríem
557;prendre;condicional;indicatiu;2;plural;prendríeu
558;prendre;condicional;indicatiu;3;plural;prendrien
559;prendre;participi;;;;pres
560;prendre;gerundi;;;;prenent
561;passar;present;indicatiu;1;singular;passo
562;passar;present;indicatiu;2;singular;passes
563;passar;present;indicatiu;3;singular;passa
564;passar;present;indicatiu;1;plural;passem
565;passar;present;indicatiu;2;plural;passeu
566;passar;present;indicatiu;3;plural;passen
567;passar;present;subjuntiu;1;singular;passi
568;passar;present;subjuntiu;2;singular;passis
569;passar;present;subjuntiu;3;singular;passi
570;passar;present;subjuntiu;1;plural;passem
571;passar;present;subjuntiu;2;plural;passeu
572;passar;present;subjuntiu;3;plural;passin
573;passar;present;imperatiu;2;singular;passa
574;passar;present;imperatiu;2;plural;passeu
575;passar;imperfet;indicatiu;1;singular;passava
576;passar;imperfet;indicatiu;2;singular;passaves
577;passar;imperfet;indicatiu;3;singular;passava
578;passar;imperfet;indicatiu;1;plural;passàvem
579;passar;imperfet;indicatiu;2;plural;passàveu
580;passar;imperfet;indicatiu;3;plural;passaven
581;passar;imperfet;subjuntiu;1;singular;passés
582;passar;imperfet;subjuntiu;2;singular;passessis
583;passar;imperfet;subjuntiu;3;singular;passés
584;passar;imperfet;subjuntiu;1;plural;passéssim
585;passar;imperfet;subjuntiu;2;plural;passéssiu
586;passar;imperfet;subjuntiu;3;plural;passessin
587;passar;futur;indicatiu;1;singular;passaré
588;passar;futur;indicatiu;2;singular;passaràs
589;passar;futur;indicatiu;3;singular;passarà
590;passar;futur;indicatiu;1;plural;passarem
591;passar;futur;indicatiu;2;plural;passareu
592;passar;futur;indicatiu;3;plural;passaran
593;passar;condicional;indicatiu;1;singular;passaria
594;passar;condicional;indicatiu;2;singular;passaries
595;passar;condicional;indicatiu;3;singular;passaria
596;passar;condicional;indicatiu;1;plural;passaríem
597;passar;condicional;indicatiu;2;plural;passaríeu
598;passar;condicional;indicatiu;3;plural;passarien
599;passar;participi;;;;passat
600;passar;gerundi;;;;passant
601;acabar;present;indicatiu;1;singular;acabo
602;acabar;present;indicatiu;2;singular;acabes
603;acabar;present;indicatiu;3;singular;acaba
604;acabar;present;indicatiu;1;plural;acabem
605;acabar;present;indicatiu;2;plural;acabeu
606;acabar;present;indicatiu;3;plural;acaben
607;acabar;present;subjuntiu;1;singular;acabi
608;acabar;present;subjuntiu;2;singular;acabis
609;acabar;present;subjuntiu;3;singular;acabi
610;acabar;present;subjuntiu;1;plural;acabem
611;acabar;present;subjuntiu;2;plural;acabeu
612;acabar;present;subjuntiu;3;plural;acabin
613;acabar;present;imperatiu;2;singular;acaba
614;acabar;present;imperatiu;2;plural;acabeu
615;acabar;imperfet;indicatiu;1;singular;acabava
616;acabar;imperfet;indicatiu;2;singular;acabaves
617;acabar;imperfet;indicatiu;3;singular;acabava
618;acabar;imperfet;indicatiu;1;plural;acabàvem
619;acabar;imperfet;indicatiu;2;plural;acabàveu
620;acabar;imperfet;indicatiu;3;plural;acabaven
621;acabar;imperfet;subjuntiu;1;singular;acabés
622;acabar;imperfet;subjuntiu;2;singular;acabessis
623;acabar;imperfet;subjuntiu;3;singular;acabés
624;acabar;imperfet;subjuntiu;1;plural;acabéssim
625;acabar;imperfet;subjuntiu;2;plural;acabéssiu
626;acabar;imperfet;subjuntiu;3;plural;acabessin
627;acabar;futur;indicatiu;1;singular;acabaré
628;acabar;futur;indicatiu;2;singular;acabaràs
629;acabar;futur;indicatiu;3;singular;acabarà
630;acabar;futur;indicatiu;1;plural;acabarem
631;acabar;futur;indicatiu;2;plural;acabareu
632;acabar;futur;indicatiu;3;plural;acabaran
633;acabar;condicional;indicatiu;1;singular;acabaria
634;acabar;condicional;indicatiu;2;singular;acabaries
635;acabar;condicional;indicatiu;3;singular;acabaria
636;acabar;condicional;indicatiu;1;plural;acabaríem
637;acabar;condicional;indicatiu;2;plural;acabaríeu
638;acabar;condicional;indicatiu;3;plural;acabarien
639;acabar;participi;;;;acabat
640;acabar;gerundi;;;;acabant
641;arribar;present;indicatiu;1;singular;arribo
642;arribar;present;indicatiu;2;singular;arribes
643;arribar;present;indicatiu;3;singular;arriba
644;arribar;present;indicatiu;1;plural;arribem
645;arribar;present;indicatiu;2;plural;arribeu
646;arribar;present;indicatiu;3;plural;arriben
647;arribar;present;subjuntiu;1;singular;arribi
648;arribar;present;subjuntiu;2;singular;arribis
649;arribar;present;subjuntiu;3;singular;arribi
650;arribar;present;subjuntiu;1;plural;arribem
651;arribar;present;subjuntiu;2;plural;arribeu
652;arribar;present;subjuntiu;3;plural;arribin
653;arribar;present;imperatiu;2;singular;arriba
654;arribar;present;imperatiu;2;plural;arribeu
655;arribar;imperfet;indicatiu;1;singular;arribava
656;arribar;imperfet;indicatiu;2;singular;arribaves
657;arribar;imperfet;indicatiu;3;singular;arribava
658;arribar;imperfet;indicatiu;1;plural;arribàvem
659;arribar;imperfet;indicatiu;2;plural;arribàveu
660;arribar;imperfet;indicatiu;3;plural;arribaven
661;arribar;imperfet;subjuntiu;1;singular;arribés
662;arribar;imperfet;subjuntiu;2;singular;arribessis
663;arribar;imperfet;subjuntiu;3;singular;arribés
664;arribar;imperfet;subjuntiu;1;plural;arribéssim
665;arribar;imperfet;subjuntiu;2;plural;arribéssiu
666;arribar;imperfet;subjuntiu;3;plural;arribessin
667;arribar;futur;indicatiu;1;singular;arribaré
668;arribar;futur;indicatiu;2;singular;arribaràs
669;arribar;futur;indicatiu;3;singular;arribarà
670;arribar;futur;indicatiu;1;plural;arribarem
671;arribar;futur;indicatiu;2;plural;arribareu
672;arribar;futur;indicatiu;3;plural;arribaran
673;arribar;condicional;indicatiu;1;singular;arribaria
674;arribar;condicional;indicatiu;2;singular;arribaries
675;arribar;condicional;indicatiu;3;singular;arribaria
676;arribar;condicional;indicatiu;1;plural;arribaríem
677;arribar;condicional;indicatiu;2;plural;arribaríeu
678;arribar;condicional;indicatiu;3;plural;arribarien
679;arribar;participi;;;;arribat
680;arribar;gerundi;;;;arribant
681;trobar;present;indicatiu;1;singular;trobo
682;trobar;present;indicatiu;2;singular;trobes
683;trobar;present;indicatiu;3;singular;troba
684;trobar;present;indicatiu;1;plural;trobem
685;trobar;present;indicatiu;2;plural;trobeu
686;trobar;present;indicatiu;3;plural;troben
687;trobar;present;subjuntiu;1;singular;trobi
688;trobar;present;subjuntiu;2;singular;trobis
689;trobar;present;subjuntiu;3;singular;trobi
690;trobar;present;subjuntiu;1;plural;trobem
691;trobar;present;subjuntiu;2;plural;trobeu
692;trobar;present;subjuntiu;3;plural;trobin
693;trobar;present;imperatiu;2;singular;troba
694;trobar;present;imperatiu;2;plural;trobeu
695;trobar;imperfet;indicatiu;1;singular;trobava
696;trobar;imperfet;indicatiu;2;singular;trobaves
697;trobar;imperfet;indicatiu;3;singular;trobava
698;trobar;imperfet;indicatiu;1;plural;trobàvem
699;trobar;imperfet;indicatiu;2;plural;trobàveu
700;trobar;imperfet;indicatiu;3;plural;trobaven
701;trobar;imperfet;subjuntiu;1;singular;trobés
702;trobar;imperfet;subjuntiu;2;singular;trobessis
703;trobar;imperfet;subjuntiu;3;singular;trobés
704;trobar;imperfet;subjuntiu;1;plural;trobéssim
705;trobar;imperfet;subjuntiu;2;plural;trobéssiu
706;trobar;imperfet;subjuntiu;3;plural;trobessin
707;trobar;futur;indicatiu;1;singular;trobaré
708;trobar;futur;indicatiu;2;singular;trobaràs
709;trobar;futur;indicatiu;3;singular;trobarà
710;trobar;futur;indicatiu;1;plural;trobarem
711;trobar;futur;indicatiu;2;plural;trobareu
712;trobar;futur;indicatiu;3;plural;trobaran
713;trobar;condicional;indicatiu;1;singular;trobaria
714;trobar;condicional;indicatiu;2;singular;trobaries
715;trobar;condicional;indicatiu;3;singular;trobaria
716;trobar;condicional;indicatiu;1;plural;trobaríem
717;trobar;condicional;indicatiu;2;plural;trobaríeu
718;trobar;condicional;indicatiu;3;plural;trobarien
719;trobar;participi;;;;trobat
720;trobar;gerundi;;;;trobant
721;actuar;present;indicatiu;1;singular;actuo
722;actuar;present;indicatiu;2;singular;actues
723;actuar;present;indicatiu;3;singular;actua
724;actuar;present;indicatiu;1;plural;actuem
725;actuar;present;indicatiu;2;plural;actueu
726;actuar;present;indicatiu;3;plural;actuen
727;actuar;present;subjuntiu;1;singular;actui
728;actuar;present;subjuntiu;2;singular;actuis
729;actuar;present;subjuntiu;3;singular;actui
730;actuar;present;subjuntiu;1;plural;actuem
731;actuar;present;subjuntiu;2;plural;actueu
732;actuar;present;subjuntiu;3;plural;actuin
733;actuar;present;imperatiu;2;singular;actua
734;actuar;present;imperatiu;2;plural;actueu
735;actuar;imperfet;indicatiu;1;singular;actuava
736;actuar;imperfet;indicatiu;2;singular;actuaves
737;actuar;imperfet;indicatiu;3;singular;actuava
738;actuar;imperfet;indicatiu;1;plural;actuàvem
739;actuar;imperfet;indicatiu;2;plural;actuàveu
740;actuar;imperfet;indicatiu;3;plural;actuaven
741;actuar;imperfet;subjuntiu;1;singular;actués
742;actuar;imperfet;subjuntiu;2;singular;actuessis
743;actuar;imperfet;subjuntiu;3;singular;actués
744;actuar;imperfet;subjuntiu;1;plural;actuéssim
745;actuar;imperfet;subjuntiu;2;plural;actuéssiu
746;actuar;imperfet;subjuntiu;3;plural;actuessin
747;actuar;futur;indicatiu;1;singular;actuaré
748;actuar;futur;indicatiu;2;singular;actuaràs
749;actuar;futur;indicatiu;3;singular;actuarà
750;actuar;futur;indicatiu;1;plural;actuarem
751;actuar;futur;indicatiu;2;plural;actuareu
752;actuar;futur;indicatiu;3;plural;actuaran
753;actuar;condicional;indicatiu;1;singular;actuaria
754;actuar;condicional;indicatiu;2;singular;actuaries
755;actuar;condicional;indicatiu;3;singular;actuaria
756;actuar;condicional;indicatiu;1;plural;actuaríem
757;actuar;condicional;indicatiu;2;plural;actuaríeu
758;actuar;condicional;indicatiu;3;plural;actuarien
759;actuar;participi;;;;actuat
760;actuar;gerundi;;;;actuant
761;escoltar;present;indicatiu;1;singular;escolto
762;escoltar;present;indicatiu;2;singular;escoltes
763;escoltar;present;indicatiu;3;singular;escolta
764;escoltar;present;indicatiu;1;plural;escoltem
765;escoltar;present;indicatiu;2;plural;escolteu
766;escoltar;present;indicatiu;3;plural;escolten
767;escoltar;present;subjuntiu;1;singular;escolti
768;escoltar;present;subjuntiu;2;singular;escoltis
769;escoltar;present;subjuntiu;3;singular;escolti
770;escoltar;present;subjuntiu;1;plural;escoltem
771;escoltar;present;subjuntiu;2;plural;escolteu
772;escoltar;present;subjuntiu;3;plural;escoltin
773;escoltar;present;imperatiu;2;singular;escolta
774;escoltar;present;imperatiu;2;plural;escolteu
775;escoltar;imperfet;indicatiu;1;singular;escoltava
776;escoltar;imperfet;indicatiu;2;singular;escoltaves
777;escoltar;imperfet;indicatiu;3;singular;escoltava
778;escoltar;imperfet;indicatiu;1;plural;escoltàvem
779;escoltar;imperfet;indicatiu;2;plural;escoltàveu
780;escoltar;imperfet;indicatiu;3;plural;escoltaven
781;escoltar;imperfet;subjuntiu;1;singular;escoltés
782;escoltar;imperfet;subjuntiu;2;singular;escoltessis
783;escoltar;imperfet;subjuntiu;3;singular;escoltés
784;escoltar;imperfet;subjuntiu;1;plural;escoltéssim
785;escoltar;imperfet;subjuntiu;2;plural;escoltéssiu
786;escoltar;imperfet;subjuntiu;3;plural;escoltessin
787;escoltar;futur;indicatiu;1;singular;escoltaré
788;escoltar;futur;indicatiu;2;singular;escoltaràs
789;escoltar;futur;indicatiu;3;singular;escoltarà
790;escoltar;futur;indicatiu;1;plural;escoltarem
791;escoltar;futur;indicatiu;2;plural;escoltareu
792;escoltar;futur;indicatiu;3;plural;escoltaran
793;escoltar;condicional;indicatiu;1;singular;escoltaria
794;escoltar;condicional;indicatiu;2;singular;escoltaries
795;escoltar;condicional;indicatiu;3;singular;escoltaria
796;escoltar;condicional;indicatiu;1;plural;escoltaríem
797;escoltar;condicional;indicatiu;2;plural;escoltaríeu
798;escoltar;condicional;indicatiu;3;plural;escoltarien
799;escoltar;participi;;;;escoltat
800;escoltar;gerundi;;;;escoltant
801;comprar;present;indicatiu;1;singular;compro
802;comprar;present;indicatiu;2;singular;compres
803;comprar;present;indicatiu;3;singular;compra
804;comprar;present;indicatiu;1;plural;comprem
805;comprar;present;indicatiu;2;plural;compreu
806;comprar;present;indicatiu;3;plural;compren
807;comprar;present;subjuntiu;1;singular;compri
808;comprar;present;subjuntiu;2;singular;compris
809;comprar;present;subjuntiu;3;singular;compri
810;comprar;present;subjuntiu;1;plural;comprem
811;comprar;present;subjuntiu;2;plural;compreu
812;comprar;present;subjuntiu;3;plural;comprin
813;comprar;present;imperatiu;2;singular;compra
814;comprar;present;imperatiu;2;plural;compreu
815;comprar;imperfet;indicatiu;1;singular;comprava
816;comprar;imperfet;indicatiu;2;singular;compraves
817;comprar;imperfet;indicatiu;3;singular;comprava
818;comprar;imperfet;indicatiu;1;plural;compràvem
819;comprar;imperfet;indicatiu;2;plural;compràveu
820;comprar;imperfet;indicatiu;3;plural;compraven
821;comprar;imperfet;subjuntiu;1;singular;comprés
822;comprar;imperfet;subjuntiu;2;singular;compressis
823;comprar;imperfet;subjuntiu;3;singular;comprés
824;comprar;imperfet;subjuntiu;1;plural;compréssim
825;comprar;imperfet;subjuntiu;2;plural;compréssiu
826;comprar;imperfet;subjuntiu;3;plural;compressin
827;comprar;futur;indicatiu;1;singular;compraré
828;comprar;futur;indicatiu;2;singular;compraràs
829;comprar;futur;indicatiu;3;singular;comprarà
830;comprar;futur;indicatiu;1;plural;comprarem
831;comprar;futur;indicatiu;2;plural;comprareu
832;comprar;futur;indicatiu;3;plural;compraran
833;comprar;condicional;indicatiu;1;singular;compraria
834;comprar;condicional;indicatiu;2;singular;compraries
835;comprar;condicional;indicatiu;3;singular;compraria
836;comprar;condicional;indicatiu;1;plural;compraríem
837;comprar;condicional;indicatiu;2;plural;compraríeu
838;comprar;condicional;indicatiu;3;plural;comprarien
839;comprar;participi;;;;comprat
840;comprar;gerundi;;;;comprant
841;caminar;present;indicatiu;1;singular;camino
842;caminar;present;indicatiu;2;singular;camines
843;caminar;present;indicatiu;3;singular;camina
844;caminar;present;indicatiu;1;plural;caminem
845;caminar;present;indicatiu;2;plural;camineu
846;caminar;present;indicatiu;3;plural;caminen
847;caminar;present;subjuntiu;1;singular;camini
848;caminar;present;subjuntiu;2;singular;caminis
849;caminar;present;subjuntiu;3;singular;camini
850;caminar;present;subjuntiu;1;plural;caminem
851;caminar;present;subjuntiu;2;plural;camineu
852;caminar;present;subjuntiu;3;plural;caminin
853;caminar;present;imperatiu;2;singular;camina
854;caminar;present;imperatiu;2;plural;camineu
855;caminar;imperfet;indicatiu;1;singular;caminava
856;caminar;imperfet;indicatiu;2;singular;caminaves
857;caminar;imperfet;indicatiu;3;singular;caminava
858;caminar;imperfet;indicatiu;1;plural;caminàvem
859;caminar;imperfet;indicatiu;2;plural;caminàveu
860;caminar;imperfet;indicatiu;3;plural;caminaven
861;caminar;imperfet;subjuntiu;1;singular;caminés
862;caminar;imperfet;subjuntiu;2;singular;caminessis
863;caminar;imperfet;subjuntiu;3;singular;caminés
864;caminar;imperfet;subjuntiu;1;plural;caminéssim
865;caminar;imperfet;subjuntiu;2;plural;caminéssiu
866;caminar;imperfet;subjuntiu;3;plural;caminessin
867;caminar;futur;indicatiu;1;singular;caminaré
868;caminar;futur;indicatiu;2;singular;caminaràs
869;caminar;futur;indicatiu;3;singular;caminarà
870;caminar;futur;indicatiu;1;plural;caminarem
871;caminar;futur;indicatiu;2;plural;caminareu
872;caminar;futur;indicatiu;3;plural;caminaran
873;caminar;condicional;indicatiu;1;singular;caminaria
874;caminar;condicional;indicatiu;2;singular;caminaries
875;caminar;condicional;indicatiu;3;singular;caminaria
876;caminar;condicional;indicatiu;1;plural;caminaríem
877;caminar;condicional;indicatiu;2;plural;caminaríeu
878;caminar;condicional;indicatiu;3;plural;caminarien
879;caminar;participi;;;;caminat
880;caminar;gerundi;;;;caminant
881;perdre;present;indicatiu;1;singular;perdo
882;perdre;present;indicatiu;2;singular;perds
883;perdre;present;indicatiu;3;singular;perd
884;perdre;present;indicatiu;1;plural;perdem
885;perdre;present;indicatiu;2;plural;perdeu
886;perdre;present;indicatiu;3;plural;perden
887;perdre;present;subjuntiu;1;singular;perdi
888;perdre;present;subjuntiu;2;singular;perdis
889;perdre;present;subjuntiu;3;singular;perdi
890;perdre;present;subjuntiu;1;plural;perdem
891;perdre;present;subjuntiu;2;plural;perdeu
892;perdre;present;subjuntiu;3;plural;perdin
893;perdre;present;imperatiu;2;singular;perdi
894;perdre;present;imperatiu;2;plural;perdeu
895;perdre;imperfet;indicatiu;1;singular;perdia
896;perdre;imperfet;indicatiu;2;singular;perdies
897;perdre;imperfet;indicatiu;3;singular;perdia
898;perdre;imperfet;indicatiu;1;plural;perdíem
899;perdre;imperfet;indicatiu;2;plural;perdíeu
900;perdre;imperfet;indicatiu;3;plural;perdien
901;perdre;imperfet;subjuntiu;1;singular;perdés
902;perdre;imperfet;subjuntiu;2;singular;perdessis
903;perdre;imperfet;subjuntiu;3;singular;perdés
904;perdre;imperfet;subjuntiu;1;plural;perdéssim
905;perdre;imperfet;subjuntiu;2;plural;perdéssiu
906;perdre;imperfet;subjuntiu;3;plural;perdessin
907;perdre;futur;indicatiu;1;singular;perdré
908;perdre;futur;indicatiu;2;singular;perdràs
909;perdre;futur;indicatiu;3;singular;perdrà
910;perdre;futur;indicatiu;1;plural;perdrem
911;perdre;futur;indicatiu;2;plural;perdreu
912;perdre;futur;indicatiu;3;plural;perdran
913;perdre;condicional;indicatiu;1;singular;perdria
914;perdre;condicional;indicatiu;2;singular;perdries
915;perdre;condicional;indicatiu;3;singular;perdria
916;perdre;condicional;indicatiu;1;plural;perdríem
917;perdre;condicional;indicatiu;2;plural;perdríeu
918;perdre;condicional;indicatiu;3;plural;perdrien
919;perdre;participi;;;;perdut
920;perdre;gerundi;;;;perdent
921;abatre;present;indicatiu;1;singular;abato
922;abatre;present;indicatiu;2;singular;abats
923;abatre;present;indicatiu;3;singular;abat
924;abatre;present;indicatiu;1;plural;abatem
925;abatre;present;indicatiu;2;plural;abateu
926;abatre;present;indicatiu;3;plural;abaten
927;abatre;present;subjuntiu;1;singular;abati
928;abatre;present;subjuntiu;2;singular;abatis
929;abatre;present;subjuntiu;3;singular;abati
930;abatre;present;subjuntiu;1;plural;abatem
931;abatre;present;subjuntiu;2;plural;abateu
932;abatre;present;subjuntiu;3;plural;abatin
933;abatre;present;imperatiu;2;singular;abati
934;abatre;present;imperatiu;2;plural;abateu
935;abatre;imperfet;indicatiu;1;singular;abatia
936;abatre;imperfet;indicatiu;2;singular;abaties
937;abatre;imperfet;indicatiu;3;singular;abatia
938;abatre;imperfet;indicatiu;1;plural;abatíem
939;abatre;imperfet;indicatiu;2;plural;abatíeu
940;abatre;imperfet;indicatiu;3;plural;abatien
941;abatre;imperfet;subjuntiu;1;singular;abatés
942;abatre;imperfet;subjuntiu;2;singular;abatessis
943;abatre;imperfet;subjuntiu;3;singular;abatés
944;abatre;imperfet;subjuntiu;1;plural;abatéssim
945;abatre;imperfet;subjuntiu;2;plural;abatéssiu
946;abatre;imperfet;subjuntiu;3;plural;abatessin
947;abatre;futur;indicatiu;1;singular;abatré
948;abatre;futur;indicatiu;2;singular;abatràs
949;abatre;futur;indicatiu;3;singular;abatrà
950;abatre;futur;indicatiu;1;plural;abatrem
951;abatre;futur;indicatiu;2;plural;abatreu
952;abatre;futur;indicatiu;3;plural;abatran
953;abatre;condicional;indicatiu;1;singular;abatria
954;abatre;condicional;indicatiu;2;singular;abatries
955;abatre;condicional;indicatiu;3;singular;abatria
956;abatre;condicional;indicatiu;1;plural;abatríem
957;abatre;condicional;indicatiu;2;plural;abatríeu
958;abatre;condicional;indicatiu;3;plural;abatrien
959;abatre;participi;;;;abatut
960;abatre;gerundi;;;;abatent
961;esprémer;present;indicatiu;1;singular;espremo
962;esprémer;present;indicatiu;2;singular;esprems
963;esprémer;present;indicatiu;3;singular;esprem
964;esprémer;present;indicatiu;1;plural;espremem
965;esprémer;present;indicatiu;2;plural;espremeu
966;esprémer;present;indicatiu;3;plural;espremen
967;esprémer;present;subjuntiu;1;singular;espremi
968;esprémer;present;subjuntiu;2;singular;espremis
969;esprémer;present;subjuntiu;3;singular;espremi
970;esprémer;present;subjuntiu;1;plural;espremem
971;esprémer;present;subjuntiu;2;plural;espremeu
972;esprémer;present;subjuntiu;3;plural;espremin
973;esprémer;present;imperatiu;2;singular;espremi
974;esprémer;present;imperatiu;2;plural;espremeu
975;esprémer;imperfet;indicatiu;1;singular;espremia
976;esprémer;imperfet;indicatiu;2;singular;espremies
977;esprémer;imperfet;indicatiu;3;singular;espremia
978;esprémer;imperfet;indicatiu;1;plural;espremíem
979;esprémer;imperfet;indicatiu;2;plural;espremíeu
980;esprémer;imperfet;indicatiu;3;plural;espremien
981;esprémer;imperfet;subjuntiu;1;singular;espremés
982;esprémer;imperfet;subjuntiu;2;singular;espremessis
983;esprémer;imperfet;subjuntiu;3;singular;espremés
984;esprémer;imperfet;subjuntiu;1;plural;espreméssim
985;esprémer;imperfet;subjuntiu;2;plural;espreméssiu
986;esprémer;imperfet;subjuntiu;3;plural;espremessin
987;esprémer;futur;indicatiu;1;singular;espremeré
988;esprémer;futur;indicatiu;2;singular;espremeràs
989;esprémer;futur;indicatiu;3;singular;espremerà
990;esprémer;futur;indicatiu;1;plural;espremerem
991;esprémer;futur;indicatiu;2;plural;espremereu
992;esprémer;futur;indicatiu;3;plural;espremeran
993;esprémer;condicional;indicatiu;1;singular;espremeria
994;esprémer;condicional;indicatiu;2;singular;espremeries
995;esprémer;condicional;indicatiu;3;singular;espremeria
996;esprémer;condicional;indicatiu;1;plural;espremeríem
997;esprémer;condicional;indicatiu;2;plural;espremeríeu
998;esprémer;condicional;indicatiu;3;plural;espremerien
999;esprémer;participi;;;;espremut
1000;esprémer;gerundi;;;;esprement
1001;fúmer;present;indicatiu;1;singular;fumo
1002;fúmer;present;indicatiu;2;singular;fums
1003;fúmer;present;indicatiu;3;singular;fum
1004;fúmer;present;indicatiu;1;plural;fumem
1005;fúmer;present;indicatiu;2;plural;fumeu
1006;fúmer;present;indicatiu;3;plural;fumen
1007;fúmer;present;subjuntiu;1;singular;fumi
1008;fúmer;present;subjuntiu;2;singular;fumis
1009;fúmer;present;subjuntiu;3;singular;fumi
1010;fúmer;present;subjuntiu;1;plural;fumem
1011;fúmer;present;subjuntiu;2;plural;fumeu
1012;fúmer;present;subjuntiu;3;plural;fumin
1013;fúmer;present;imperatiu;2;singular;fumi
1014;fúmer;present;imperatiu;2;plural;fumeu
1015;fúmer;imperfet;indicatiu;1;singular;fumia
1016;fúmer;imperfet;indicatiu;2;singular;fumies
1017;fúmer;imperfet;indicatiu;3;singular;fumia
1018;fúmer;imperfet;indicatiu;1;plural;fumíem
1019;fúmer;imperfet;indicatiu;2;plural;fumíeu
1020;fúmer;imperfet;indicatiu;3;plural;fumien
1021;fúmer;imperfet;subjuntiu;1;singular;fumés
1022;fúmer;imperfet;subjuntiu;2;singular;fumessis
1023;fúmer;imperfet;subjuntiu;3;singular;fumés
1024;fúmer;imperfet;subjuntiu;1;plural;fuméssim
1025;fúmer;imperfet;subjuntiu;2;plural;fuméssiu
1026;fúmer;imperfet;subjuntiu;3;plural;fumessin
1027;fúmer;futur;indicatiu;1;singular;fumeré
1028;fúmer;futur;indicatiu;2;singular;fumeràs
1029;fúmer;futur;indicatiu;3;singular;fumerà
1030;fúmer;futur;indicatiu;1;plural;fumerem
1031;fúmer;futur;indicatiu;2;plural;fumereu
1032;fúmer;futur;indicatiu;3;plural;fumeran
1033;fúmer;condicional;indicatiu;1;singular;fumeria
1034;fúmer;condicional;indicatiu;2;singular;fumeries
1035;fúmer;condicional;indicatiu;3;singular;fumeria
1036;fúmer;condicional;indicatiu;1;plural;fumeríem
1037;fúmer;condicional;indicatiu;2;plural;fumeríeu
1038;fúmer;condicional;indicatiu;3;plural;fumerien
1039;fúmer;participi;;;;fumut
1040;fúmer;gerundi;;;;fument
1041;sentir;present;indicatiu;1;singular;sento
1042;sentir;present;indicatiu;2;singular;sents
1043;sentir;present;indicatiu;3;singular;sent
1044;sentir;present;indicatiu;1;plural;sentim
1045;sentir;present;indicatiu;2;plural;sentiu
1046;sentir;present;indicatiu;3;plural;senten
1047;sentir;present;subjuntiu;1;singular;senti
1048;sentir;present;subjuntiu;2;singular;sentis
1049;sentir;present;subjuntiu;3;singular;senti
1050;sentir;present;subjuntiu;1;plural;sentim
1051;sentir;present;subjuntiu;2;plural;sentiu
1052;sentir;present;subjuntiu;3;plural;sentin
1053;sentir;present;imperatiu;2;singular;sent
1054;sentir;present;imperatiu;2;plural;sentiu
1055;sentir;imperfet;indicatiu;1;singular;sentia
1056;sentir;imperfet;indicatiu;2;singular;senties
1057;sentir;imperfet;indicatiu;3;singular;sentia
1058;sentir;imperfet;indicatiu;1;plural;sentíem
1059;sentir;imperfet;indicatiu;2;plural;sentíeu
1060;sentir;imperfet;indicatiu;3;plural;sentien
1061;sentir;imperfet;subjuntiu;1;singular;sentís
1062;sentir;imperfet;subjuntiu;2;singular;sentissis
1063;sentir;imperfet;subjuntiu;3;singular;sentís
1064;sentir;imperfet;subjuntiu;1;plural;sentíssim
1065;sentir;imperfet;subjuntiu;2;plural;sentíssiu
1066;sentir;imperfet;subjuntiu;3;plural;sentissin
1067;sentir;futur;indicatiu;1;singular;sentiré
1068;sentir;futur;indicatiu;2;singular;sentiràs
1069;sentir;futur;indicatiu;3;singular;sentirà
1070;sentir;futur;indicatiu;1;plural;sentirem
1071;sentir;futur;indicatiu;2;plural;sentireu
1072;sentir;futur;indicatiu;3;plural;sentiran
1073;sentir;condicional;indicatiu;1;singular;sentiria
1074;sentir;condicional;indicatiu;2;singular;sentiries
1075;sentir;condicional;indicatiu;3;singular;sentiria
1076;sentir;condicional;indicatiu;1;plural;sentiríem
1077;sentir;condicional;indicatiu;2;plural;sentiríeu
1078;sentir;condicional;indicatiu;3;plural;sentirien
1079;sentir;participi;;;;sentit
1080;sentir;gerundi;;;;sentint
1081;dormir;present;indicatiu;1;singular;dormo
1082;dormir;present;indicatiu;2;singular;dorms
1083;dormir;present;indicatiu;3;singular;dorm
1084;dormir;present;indicatiu;1;plural;dormim
1085;dormir;present;indicatiu;2;plural;dormiu
1086;dormir;present;indicatiu;3;plural;dormen
1087;dormir;present;subjuntiu;1;singular;dormi
1088;dormir;present;subjuntiu;2;singular;dormis
1089;dormir;present;subjuntiu;3;singular;dormi
1090;dormir;present;subjuntiu;1;plural;dormim
1091;dormir;present;subjuntiu;2;plural;dormiu
1092;dormir;present;subjuntiu;3;plural;dormin
1093;dormir;present;imperatiu;2;singular;dorm
1094;dormir;present;imperatiu;2;plural;dormiu
1095;dormir;imperfet;indicatiu;1;singular;dormia
1096;dormir;imperfet;indicatiu;2;singular;dormies
1097;dormir;imperfet;indicatiu;3;singular;dormia
1098;dormir;imperfet;indicatiu;1;plural;dormíem
1099;dormir;imperfet;indicatiu;2;plural;dormíeu
1100;dormir;imperfet;indicatiu;3;plural;dormien
1101;dormir;imperfet;subjuntiu;1;singular;dormís
1102;dormir;imperfet;subjuntiu;2;singular;dormissis
1103;dormir;imperfet;subjuntiu;3;singular;dormís
1104;dormir;imperfet;subjuntiu;1;plural;dormíssim
1105;dormir;imperfet;subjuntiu;2;plural;dormíssiu
1106;dormir;imperfet;subjuntiu;3;plural;dormissin
1107;dormir;futur;indicatiu;1;singular;dormiré
1108;dormir;futur;indicatiu;2;singular;dormiràs
1109;dormir;futur;indicatiu;3;singular;dormirà
1110;dormir;futur;indicatiu;1;plural;dormirem
1111;dormir;futur;indicatiu;2;plural;dormireu
1112;dormir;futur;indicatiu;3;plural;dormiran
1113;dormir;condicional;indicatiu;1;singular;dormiria
1114;dormir;condicional;indicatiu;2;singular;dormiries
1115;dormir;condicional;indicatiu;3;singular;dormiria
1116;dormir;condicional;indicatiu;1;plural;dormiríem
1117;dormir;condicional;indicatiu;2;plural;dormiríeu
1118;dormir;condicional;indicatiu;3;plural;dormirien
1119;dormir;participi;;;;dormit
1120;dormir;gerundi;;;;dormint
1121;llegir;present;indicatiu;1;singular;llegeixo
1122;llegir;present;indicatiu;2;singular;llegeixes
1123;llegir;present;indicatiu;3;singular;llegeix
1124;llegir;present;indicatiu;1;plural;llegim
1125;llegir;present;indicatiu;2;plural;llegiu
1126;llegir;present;indicatiu;3;plural;llegeixen
1127;llegir;present;subjuntiu;1;singular;llegeixi
1128;llegir;present;subjuntiu;2;singular;llegeixis
1129;llegir;present;subjuntiu;3;singular;llegeixi
1130;llegir;present;subjuntiu;1;plural;llegim
1131;llegir;present;subjuntiu;2;plural;llegiu
1132;llegir;present;subjuntiu;3;plural;llegeixin
1133;llegir;present;imperatiu;2;singular;llegeix
1134;llegir;present;imperatiu;2;plural;llegiu
1135;llegir;imperfet;indicatiu;1;singular;llegia
1136;llegir;imperfet;indicatiu;2;singular;llegies
1137;llegir;imperfet;indicatiu;3;singular;llegia
1138;llegir;imperfet;indicatiu;1;plural;llegíem
1139;llegir;imperfet;indicatiu;2;plural;llegíeu
1140;llegir;imperfet;indicatiu;3;plural;llegien
1141;llegir;imperfet;subjuntiu;1;singular;llegís
1142;llegir;imperfet;subjuntiu;2;singular;llegissis
1143;llegir;imperfet;subjuntiu;3;singular;llegís
1144;llegir;imperfet;subjuntiu;1;plural;llegíssim
1145;llegir;imperfet;subjuntiu;2;plural;llegíssiu
1146;llegir;imperfet;subjuntiu;3;plural;llegissin
1147;llegir;futur;indicatiu;1;singular;llegiré
1148;llegir;futur;indicatiu;2;singular;llegiràs
1149;llegir;futur;indicatiu;3;singular;llegirà
1150;llegir;futur;indicatiu;1;plural;llegirem
1151;llegir;futur;indicatiu;2;plural;llegireu
1152;llegir;futur;indicatiu;3;plural;llegiran
1153;llegir;condicional;indicatiu;1;singular;llegiria
1154;llegir;condicional;indicatiu;2;singular;llegiries
1155;llegir;condicional;indicatiu;3;singular;llegiria
1156;llegir;condicional;indicatiu;1;plural;llegiríem
1157;llegir;condicional;indicatiu;2;plural;llegiríeu
1158;llegir;condicional;indicatiu;3;plural;llegirien
1159;llegir;participi;;;;llegit
1160;llegir;gerundi;;;;llegint
1161;fregir;present;indicatiu;1;singular;fregeixo
1162;fregir;present;indicatiu;2;singular;fregeixes
1163;fregir;present;indicatiu;3;singular;fregeix
1164;fregir;present;indicatiu;1;plural;fregim
1165;fregir;present;indicatiu;2;plural;fregiu
1166;fregir;present;indicatiu;3;plural;fregeixen
1167;fregir;present;subjuntiu;1;singular;fregeixi
1168;fregir;present;subjuntiu;2;singular;fregeixis
1169;fregir;present;subjuntiu;3;singular;fregeixi
1170;fregir;present;subjuntiu;1;plural;fregim
1171;fregir;present;subjuntiu;2;plural;fregiu
1172;fregir;present;subjuntiu;3;plural;fregeixin
1173;fregir;present;imperatiu;2;singular;fregeix
1174;fregir;present;imperatiu;2;plural;fregiu
1175;fregir;imperfet;indicatiu;1;singular;fregia
1176;fregir;imperfet;indicatiu;2;singular;fregies
1177;fregir;imperfet;indicatiu;3;singular;fregia
1178;fregir;imperfet;indicatiu;1;plural;fregíem
1179;fregir;imperfet;indicatiu;2;plural;fregíeu
1180;fregir;imperfet;indicatiu;3;plural;fregien
1181;fregir;imperfet;subjuntiu;1;singular;fregís
1182;fregir;imperfet;subjuntiu;2;singular;fregissis
1183;fregir;imperfet;subjuntiu;3;singular;fregís
1184;fregir;imperfet;subjuntiu;1;plural;fregíssim
1185;fregir;imperfet;subjuntiu;2;plural;fregíssiu
1186;fregir;imperfet;subjuntiu;3;plural;fregissin
1187;fregir;futur;indicatiu;1;singular;fregiré
1188;fregir;futur;indicatiu;2;singular;fregiràs
1189;fregir;futur;indicatiu;3;singular;fregirà
1190;fregir;futur;indicatiu;1;plural;fregirem
1191;fregir;futur;indicatiu;2;plural;fregireu
1192;fregir;futur;indicatiu;3;plural;fregiran
1193;fregir;condicional;indicatiu;1;singular;fregiria
1194;fregir;condicional;indicatiu;2;singular;fregiries
1195;fregir;condicional;indicatiu;3;singular;fregiria
1196;fregir;condicional;indicatiu;1;plural;fregiríem
1197;fregir;condicional;indicatiu;2;plural;fregiríeu
1198;fregir;condicional;indicatiu;3;plural;fregirien
1199;fregir;participi;;;;fregit
1200;fregir;gerundi;;;;fregint
1201;gaudir;present;indicatiu;1;singular;gaudeixo
1202;gaudir;present;indicatiu;2;singular;gaudeixes
1203;gaudir;present;indicatiu;3;singular;gaudeix
1204;gaudir;present;indicatiu;1;plural;gaudim
1205;gaudir;present;indicatiu;2;plural;gaudiu
1206;gaudir;present;indicatiu;3;plural;gaudeixen
1207;gaudir;present;subjuntiu;1;singular;gaudeixi
1208;gaudir;present;subjuntiu;2;singular;gaudeixis
1209;gaudir;present;subjuntiu;3;singular;gaudeixi
1210;gaudir;present;subjuntiu;1;plural;gaudim
1211;gaudir;present;subjuntiu;2;plural;gaudiu
1212;gaudir;present;subjuntiu;3;plural;gaudeixin
1213;gaudir;present;imperatiu;2;singular;gaudeix
1214;gaudir;present;imperatiu;2;plural;gaudiu
1215;gaudir;imperfet;indicatiu;1;singular;gaudia
1216;gaudir;imperfet;indicatiu;2;singular;gaudies
1217;gaudir;imperfet;indicatiu;3;singular;gaudia
1218;gaudir;imperfet;indicatiu;1;plural;gaudíem
1219;gaudir;imperfet;indicatiu;2;plural;gaudíeu
1220;gaudir;imperfet;indicatiu;3;plural;gaudien
1221;gaudir;imperfet;subjuntiu;1;singular;gaudís
1222;gaudir;imperfet;subjuntiu;2;singular;gaudissis
1223;gaudir;imperfet;subjuntiu;3;singular;gaudís
1224;gaudir;imperfet;subjuntiu;1;plural;gaudíssim
1225;gaudir;imperfet;subjuntiu;2;plural;gaudíssiu
1226;gaudir;imperfet;subjuntiu;3;plural;gaudissin
1227;gaudir;futur;indicatiu;1;singular;gaudiré
1228;gaudir;futur;indicatiu;2;singular;gaudiràs
1229;gaudir;futur;indicatiu;3;singular;gaudirà
1230;gaudir;futur;indicatiu;1;plural;gaudirem
1231;gaudir;futur;indicatiu;2;plural;gaudireu
1232;gaudir;futur;indicatiu;3;plural;gaudiran
1233;gaudir;condicional;indicatiu;1;singular;gaudiria
1234;gaudir;condicional;indicatiu;2;singular;gaudiries
1235;gaudir;condicional;indicatiu;3;singular;gaudiria
1236;gaudir;condicional;indicatiu;1;plural;gaudiríem
1237;gaudir;condicional;indicatiu;2;plural;gaudiríeu
1238;gaudir;condicional;indicatiu;3;plural;gaudirien
1239;gaudir;participi;;;;gaudit
1240;gaudir;gerundi;;;;gaudint
1241;partir;present;indicatiu;1;singular;parteixo
1242;partir;present;indicatiu;2;singular;parteixes
1243;partir;present;indicatiu;3;singular;parteix
1244;partir;present;indicatiu;1;plural;partim
1245;partir;present;indicatiu;2;plural;partiu
1246;partir;present;indicatiu;3;plural;parteixen
1247;partir;present;subjuntiu;1;singular;parteixi
1248;partir;present;subjuntiu;2;singular;parteixis
1249;partir;present;subjuntiu;3;singular;parteixi
1250;partir;present;subjuntiu;1;plural;partim
1251;partir;present;subjuntiu;2;plural;partiu
1252;partir;present;subjuntiu;3;plural;parteixin
1253;partir;present;imperatiu;2;singular;parteix
1254;partir;present;imperatiu;2;plural;partiu
1255;partir;imperfet;indicatiu;1;singular;partia
1256;partir;imperfet;indicatiu;2;singular;parties
1257;partir;imperfet;indicatiu;3;singular;partia
1258;partir;imperfet;indicatiu;1;plural;partíem
1259;partir;imperfet;indicatiu;2;plural;partíeu
1260;partir;imperfet;indicatiu;3;plural;partien
1261;partir;imperfet;subjuntiu;1;singular;partís
1262;partir;imperfet;subjuntiu;2;singular;partissis
1263;partir;imperfet;subjuntiu;3;singular;partís
1264;partir;imperfet;subjuntiu;1;plural;partíssim
1265;partir;imperfet;subjuntiu;2;plural;partíssiu
1266;partir;imperfet;subjuntiu;3;plural;partissin
1267;partir;futur;indicatiu;1;singular;partiré
1268;partir;futur;indicatiu;2;singular;partiràs
1269;partir;futur;indicatiu;3;singular;partirà
1270;partir;futur;indicatiu;1;plural;partirem
1271;partir;futur;indicatiu;2;plural;partireu
1272;partir;futur;indicatiu;3;plural;partiran
1273;partir;condicional;indicatiu;1;singular;partiria
1274;partir;condicional;indicatiu;2;singular;partiries
1275;partir;condicional;indicatiu;3;singular;partiria
1276;partir;condicional;indicatiu;1;plural;partiríem
1277;partir;condicional;indicatiu;2;plural;partiríeu
1278;partir;condicional;indicatiu;3;plural;partirien
1279;partir;participi;;;;partit
1280;partir;gerundi;;;;partint
1281;servir;present;indicatiu;1;singular;serveixo
1282;servir;present;indicatiu;2;singular;serveixes
1283;servir;present;indicatiu;3;singular;serveix
1284;servir;present;indicatiu;1;plural;servim
1285;servir;present;indicatiu;2;plural;serviu
1286;servir;present;indicatiu;3;plural;serveixen
1287;servir;present;subjuntiu;1;singular;serveixi
1288;servir;present;subjuntiu;2;singular;serveixis
1289;servir;present;subjuntiu;3;singular;serveixi
1290;servir;present;subjuntiu;1;plural;servim
1291;servir;present;subjuntiu;2;plural;serviu
1292;servir;present;subjuntiu;3;plural;serveixin
1293;servir;present;imperatiu;2;singular;serveix
1294;servir;present;imperatiu;2;plural;serviu
1295;servir;imperfet;indicatiu;1;singular;servia
1296;servir;imperfet;indicatiu;2;singular;servies
1297;servir;imperfet;indicatiu;3;singular;servia
1298;servir;imperfet;indicatiu;1;plural;servíem
1299;servir;imperfet;indicatiu;2;plural;servíeu
1300;servir;imperfet;indicatiu;3;plural;servien
1301;servir;imperfet;subjuntiu;1;singular;servís
1302;servir;imperfet;subjuntiu;2;singular;servissis
1303;servir;imperfet;subjuntiu;3;singular;servís
1304;servir;imperfet;subjuntiu;1;plural;servíssim
1305;servir;imperfet;subjuntiu;2;plural;servíssiu
1306;servir;imperfet;subjuntiu;3;plural;servissin
1307;servir;futur;indicatiu;1;singular;serviré
1308;servir;futur;indicatiu;2;singular;serviràs
1309;servir;futur;indicatiu;3;singular;servirà
1310;servir;futur;indicatiu;1;plural;servirem
1311;servir;futur;indicatiu;2;plural;servireu
1312;servir;futur;indicatiu;3;plural;serviran
1313;servir;condicional;indicatiu;1;singular;serviria
1314;servir;condicional;indicatiu;2;singular;serviries
1315;servir;condicional;indicatiu;3;singular;serviria
1316;servir;condicional;indicatiu;1;plural;serviríem
1317;servir;condicional;indicatiu;2;plural;serviríeu
1318;servir;condicional;indicatiu;3;plural;servirien
1319;servir;participi;;;;servit
1320;servir;gerundi;;;;servint
